Type,ID,Description,Budget,Utilization,Available Budget,Locked Amt,Budget after Locked Amt,Claim Amt,Net Balance
Capex,IT_NP14_Sub_57_2025,Enhancements on PowerCard system ?(RFCs) ? Inluding Audit and security related,"17,50,000.00","12,42,630.78","5,07,369.22","1,61,979.30","3,45,389.92",0,"3,45,389.92"
Capex,IT_NP12_Sub_11_2025,FinnOne Delivery Squad for Risk Team,"21,40,876.00","7,16,217.25","14,24,658.75","12,56,166.00","1,68,492.75",0,"1,68,492.75"
Capex,IT_NP14_Sub14_2024,Infra sizing enhancements to cater the increase load on the servers,"12,00,000.00","5,55,512.65","6,44,487.35",0,"6,44,487.35",0,"6,44,487.35"
Capex,IT_NP14_Sub20_2024,Alternate second factor authentication authorization for digital platforms.,"30,00,000.00","17,17,642.76","12,82,357.24",0,"12,82,357.24",0,"12,82,357.24"
Capex,IT_NP14_Sub4_2024,Omni is set of APIs that provide services of IB to be used by MB and other front-end channels. IB is used as backend for all the channels. This APIs are legacy and need to align with the modern tech strategy to create ACL (Anti-corruption Layer pattern (Anti-corruption Layer) to be consumed by front end channels.,"5,40,000.00","2,78,912.99","2,61,087.01",0,"2,61,087.01",0,"2,61,087.01"
Capex,IT_NP14_Sub6_2024,"Establish key POD to enable Generative AI function in the organization. This team will enable establishing key platform, teams and setup strategic relationship with the partners and work on couple of key use cases.","14,00,000.00","8,11,283.24","5,88,716.76",0,"5,88,716.76",0,"5,88,716.76"
Capex,IT_NP14_Sub_101_2025,PF FINNONE,"22,40,000.00","13,60,367.00","8,79,633.00",0,"8,79,633.00",0,"8,79,633.00"
Capex,IT_NP14_Sub_102_2025,AF FINNONE,"15,90,000.00","12,90,543.00","2,99,457.00",0,"2,99,457.00",0,"2,99,457.00"
Capex,IT_NP14_Sub_103_2025,Home Finance,"13,80,000.00","4,23,842.55","9,56,157.45",0,"9,56,157.45",0,"9,56,157.45"
Capex,IT_NP14_Sub_105_2025,Regulatory Programs (Jaywan) – Seed funding request to onboard solution design & integration services,"45,63,000.00","33,67,351.73","11,95,648.27","3,30,586.00","8,65,062.27",0,"8,65,062.27"
Capex,IT_NP16_Sub_11_2025,Infra upgrade beef up for digital platform subject to increasing volumes to meet growth and maintain performance,"14,00,000.00","2,98,431.25","11,01,568.75",0,"11,01,568.75",0,"11,01,568.75"
Capex,IT_NP16_Sub_24_2025,SME Enrollment (Sole Proprietor) to Aani platform,"6,24,000.00","3,99,588.74","2,24,411.26",0,"2,24,411.26",0,"2,24,411.26"
Capex,IT_NP16_Sub_6_2025,"Various Platform , Server Upgrades Legacy remediation of old technologies and heatmap","21,00,000.00","9,52,864.40","11,47,135.60","1,39,574.00","10,07,561.60",0,"10,07,561.60"
Capex,IT_NP19_Sub103_2022,Cards Platform Upgrade,"2,47,00,000.00","74,68,302.75","1,72,31,697.25",0,"1,72,31,697.25",0,"1,72,31,697.25"
Capex,IT_NP19_Sub106_2022,CB Mandate - Card Domestic Scheme (CDS),"37,30,000.00","15,98,601.84","21,31,398.16","6,76,839.00","14,54,559.16",0,"14,54,559.16"
Capex,IT_NP2_Sub132_2023,Automation of Supplementary card creation,"4,80,684.00",0,"4,80,684.00","3,54,262.00","1,26,422.00",0,"1,26,422.00"
Capex,IT_NP3_Sub14_2024,Financial Inclusion Product,"12,00,000.00","9,59,405.83","2,40,594.17",0,"2,40,594.17",0,"2,40,594.17"
Capex,IT_NP3_Sub_1_2025,Functional Enhancements of the Digital Platform,"28,00,000.00","20,56,292.48","7,43,707.52","2,79,191.01","4,64,516.51",0,"4,64,516.51"
Capex,IT_NP3_Sub_34_2025,NTB ALT Squad Extension,"14,11,170.00","10,14,288.62","3,96,881.38","1,61,590.88","2,35,290.50",0,"2,35,290.50"
Capex,IT_NP3_Sub_35_2025,ALT Squad Formation for Personal Finance and Credit Cards,"13,94,811.00","1,40,672.00","12,54,139.00",0,"12,54,139.00",0,"12,54,139.00"
Capex,IT_NP3_Sub_36_2025,Formation of a FinnOne Dedicated Delivery Squad for Cards Team,"32,52,306.00","9,32,246.30","23,20,059.70",0,"23,20,059.70",0,"23,20,059.70"
Capex,IT_NP3_Sub_40_2025,CBUAE Notice 3057 Compliance: Track 1: Card Transactions 3DS Security on Digital Channels,"21,20,000.00","19,01,451.17","2,18,548.83",0,"2,18,548.83",0,"2,18,548.83"
Capex,IT_NP5_Sub21_2024,2024 Digital RoadMap,"2,75,50,000.00","26,75,414.60","2,48,74,585.40","78,750.00","2,47,95,835.40",0,"2,47,95,835.40"
Capex,IT_NP5_Sub23_2024,DCC & Mercury certification,"21,00,000.00","31,500.00","20,68,500.00",0,"20,68,500.00",0,"20,68,500.00"
Capex,IT_NP5_Sub24_2024,UAECB Mandate – NPSS Program (UAEPGS migration to NPSSB2X),"18,84,000.00","80,052.50","18,03,947.50",0,"18,03,947.50",0,"18,03,947.50"
Capex,IT_NP5_Sub_11_2025,"UX & Journey Design Framework, e2e","36,00,000.00",0,"36,00,000.00",0,"36,00,000.00",0,"36,00,000.00"
Capex,IT_NP5_Sub_5_2025,2024 Digital RoadMap,"26,10,000.00",0,"26,10,000.00",0,"26,10,000.00",0,"26,10,000.00"
Capex,IT_NP5_Sub_7_2025,Engagement Platform,"45,00,000.00",0,"45,00,000.00",0,"45,00,000.00",0,"45,00,000.00"
Capex,IT_NP6_Sub39_2022,2022 Digital Roadmap Initiatives,"2,53,00,000.00","2,19,38,993.65","33,61,006.35","12,49,216.30","21,11,790.05",0,"21,11,790.05"
Capex,IT_NP3_Sub_1_2026,Consumer Banking Liability and Assets Product Capability Enhancement Program,"1,50,00,000.00","10,89,659.10","1,39,10,340.90","6,95,286.50","1,32,15,054.40",0,"1,32,15,054.40"
Capex,IT_NP4_Sub_1_2026,Enterprise wide strategic programs,"6,00,00,000.00",0,"6,00,00,000.00",0,"6,00,00,000.00",0,"6,00,00,000.00"
Capex,IT_NP3_Sub_2_2026,Consumer Banking Cards Product Capability Enhancement Program,"2,50,00,000.00","13,64,713.30","2,36,35,286.70",0,"2,36,35,286.70",0,"2,36,35,286.70"
Capex,IT_NP3_Sub_3_2026,CRM Program,"1,50,00,000.00","6,02,507.57","1,43,97,492.43","25,689.43","1,43,71,803.00",0,"1,43,71,803.00"
 ,,,,,,,,,
